ref_ID,URI
c1680cee8c0e8529de4098a40e5c8480,3966
55dcc8798701932c436d2a975125e0f7,3982
a97fb10853c5222e3ebf5414890325e5,3983
ea2f60b40fbc20ddbdf828fc182b1569,3984
36204201c131573b2bc1760e3ec891f8,3985
ac381134388a254f9977add062a4eb1d,3986
1b2335c54d0e6ed6f954b3084dfbdfde,3987
479afae55acf646215bf935919fca44b,3988
6830f77b8d050614abf026de0c6dda30,3989
fd97df65e1b9cb1ac3a3486deb9cabf2,3969
42a35fa8e0065fa305e06d07f5804734,3977
664f51ba9b785cd823ccea86629e6f6b,4038
6031a451258dfa7910fa7545eb594f6e,4040
9a57db9d0e8cd82881fbbb12531f1138,3978
0f18a86d55ae0657628d8816c68b9794,3974
74fdd80e011f06351e5710ff41d8be7d,3973
33e34ffe25bb3449e9fde8e9377eac0d,3971
f9b4baeecaadd2faa7ca09b1fae2e5d2,3964
20bdc2026fe20207feaecb898383b751,3975
7a7ec61133c8ea79d025509658d0bb9c,3965
5b07b8ec99bba5d303c5bcc3804abc05,3968
749182e41a1b4522b79d976df0ea5a77,3961
f0b38f2ac4fae64d708ec7b8b77c3aa2,3981
b25bd5ad717f111a78761c22910c0fd9,3976
2cbf510ab5dc7b73aa94a5a69b47c569,3967
9690628ecdc87e09179ac6118fb392a1,3979
ef37d66d4a3e2ce51f49a078a65603c7,3970
87ff8f6cd91364d32b71db6266e6fb8d,3962
2586dacb0b899b57d590a7e3826f2b34,4041
8e2a9854ab795c21856294e4c79d5a78,4042
c74ba0b94a701025f9fa66442a63133a,4043
6ad7014fbf045385e37d41fa15878282,3963
