Asset ID,Filename
730893,2006.6.10
730957,2006.6.1059
730959,2006.6.1061
730958,2006.6.106
730961,2006.6.1062
730960,2006.6.1060
730963,2006.6.1064
730962,2006.6.1063
730965,2006.6.1066
730966,2006.6.1069
730967,2006.6.1067
730968,2006.6.1068
730964,2006.6.1065
730972,2006.6.1073
730971,2006.6.1071
730970,2006.6.1072
730974,2006.6.1074
730969,2006.6.107
730973,2006.6.1070
730975,2006.6.1075
730979,2006.6.1079
730978,2006.6.108
730981,2006.6.1080
730976,2006.6.1076
730983,2006.6.1081
730977,2006.6.1077
730980,2006.6.1078
730984,2006.6.1083
730982,2006.6.1082
730987,2006.6.1086
730986,2006.6.1085
730988,2006.6.1087
730989,2006.6.109
730985,2006.6.1084
730993,2006.6.1091
730992,2006.6.1090
730990,2006.6.1089
730995,2006.6.1093
730994,2006.6.1092
730996,2006.6.1094
730998,2006.6.1095
730997,2006.6.1097
731000,2006.6.1098
730999,2006.6.1096
731001,2006.6.1099
731004,2006.6.110
731002,2006.6.11
731003,2006.6.1101
731005,2006.6.1100
730991,2006.6.1088
731008,2006.6.1104
731006,2006.6.1102
731010,2006.6.1105
731011,2006.6.1107
731013,2006.6.1110
731014,2006.6.1108
731015,2006.6.1111
731012,2006.6.1109
731016,2006.6.111
731018,2006.6.1112
731019,2006.6.1114
731020,2006.6.1116
731017,2006.6.1113
731021,2006.6.1115
731022,2006.6.1117
731023,2006.6.1118
731009,2006.6.1106
731024,2006.6.1119
731025,2006.6.112
731028,2006.6.1122
731029,2006.6.1123
731030,2006.6.1124
731027,2006.6.1121
731031,2006.6.1125
731034,2006.6.1127
731038,2006.6.113
731063,2006.6.114
731032,2006.6.1126
731088,2006.6.115
731120,2006.6.1168
731122,2006.6.1169
731124,2006.6.1171
731125,2006.6.1172
731126,2006.6.1170
731127,2006.6.1174
731128,2006.6.1173
731129,2006.6.1175
731130,2006.6.1176
731131,2006.6.1177
731132,2006.6.1178
731133,2006.6.1179
731007,2006.6.1103
731123,2006.6.117
731026,2006.6.1120
731134,2006.6.118
731137,2006.6.1181
731138,2006.6.1182
731140,2006.6.1183
731139,2006.6.1184
731141,2006.6.1185
731136,2006.6.1181a
731135,2006.6.1180
731142,2006.6.1186
731160,2006.6.1203
731157,2006.6.120
731162,2006.6.1205
731161,2006.6.1202
731164,2006.6.1209
731144,2006.6.119
731163,2006.6.1204
731166,2006.6.1208
731165,2006.6.1206
731169,2006.6.1211
731168,2006.6.121
731167,2006.6.1207
731171,2006.6.1212
731172,2006.6.1214
731174,2006.6.1216
731173,2006.6.1213
731170,2006.6.1210
731177,2006.6.1218
731178,2006.6.1219
731175,2006.6.1215
731179,2006.6.122
731176,2006.6.1217
731182,2006.6.1222
731181,2006.6.1221
731180,2006.6.1220
731183,2006.6.1225
731185,2006.6.1226
731184,2006.6.1224
731187,2006.6.1223
731189,2006.6.123
731186,2006.6.1227
731188,2006.6.1228
731190,2006.6.1229
731192,2006.6.1231
731191,2006.6.1230
731193,2006.6.1232
731196,2006.6.1235
731195,2006.6.1234
731197,2006.6.1236
731198,2006.6.1237
731199,2006.6.1239
731201,2006.6.124
731200,2006.6.1238
731203,2006.6.1242
731202,2006.6.1240
731204,2006.6.1241
731205,2006.6.1243
731206,2006.6.1244
731208,2006.6.1246
731209,2006.6.1247
731207,2006.6.1245
731210,2006.6.1248
731212,2006.6.1250
731194,2006.6.1233
731211,2006.6.1249
731215,2006.6.1253
731214,2006.6.1251
731213,2006.6.125
731216,2006.6.1252
731218,2006.6.1254
731219,2006.6.1257
731217,2006.6.1255
731220,2006.6.1256
731221,2006.6.1259
731222,2006.6.1258
731224,2006.6.1261
731226,2006.6.1260
731227,2006.6.1263
731225,2006.6.1262
731223,2006.6.126
731229,2006.6.1265
731228,2006.6.1264
731231,2006.6.1267
731230,2006.6.1266
731233,2006.6.1269
731232,2006.6.1268
731236,2006.6.1271
731235,2006.6.1270
731237,2006.6.1272
731234,2006.6.127
731240,2006.6.1275
731239,2006.6.1274
731238,2006.6.1273
731241,2006.6.1276
731242,2006.6.1277
731243,2006.6.1278
731247,2006.6.1283
731244,2006.6.1279
731245,2006.6.128
731246,2006.6.1280
731248,2006.6.1284
731253,2006.6.1285
731250,2006.6.1281
731249,2006.6.1282
731254,2006.6.1286
731255,2006.6.1289
731258,2006.6.1291
731259,2006.6.1292
731256,2006.6.129
731260,2006.6.1293
731263,2006.6.1294
731257,2006.6.1290
731261,2006.6.1295
731262,2006.6.1297
731266,2006.6.1300
731264,2006.6.1296
731267,2006.6.1299
731265,2006.6.1298
731268,2006.6.130
731269,2006.6.1302
731270,2006.6.1301
731272,2006.6.1304
731273,2006.6.1305
731271,2006.6.1303
731275,2006.6.1307
731274,2006.6.1306
731278,2006.6.131
731276,2006.6.1308
731277,2006.6.1309
731281,2006.6.1311
731280,2006.6.1310
731279,2006.6.131
731282,2006.6.1312
731284,2006.6.1314
731283,2006.6.1313
731285,2006.6.1315
731287,2006.6.1317
731288,2006.6.1318
731286,2006.6.1316
731289,2006.6.1319
731290,2006.6.132
731291,2006.6.1320
731293,2006.6.1322
731294,2006.6.1323
731292,2006.6.1321
731295,2006.6.1324
731297,2006.6.1326
731296,2006.6.1325
731299,2006.6.1328
731300,2006.6.133
731301,2006.6.1329
731302,2006.6.1330
731298,2006.6.1327
731303,2006.6.1331
731305,2006.6.1333
731307,2006.6.1335
731306,2006.6.1334
731309,2006.6.1337
731304,2006.6.1332
731308,2006.6.1336
731311,2006.6.134
731313,2006.6.1340
731310,2006.6.1338
731314,2006.6.1341
731316,2006.6.1343
731312,2006.6.1339
731317,2006.6.1344
731319,2006.6.1346
731318,2006.6.1345
731320,2006.6.1348
731315,2006.6.1342
731323,2006.6.1350
731322,2006.6.1349
731321,2006.6.1347
731325,2006.6.1352
731324,2006.6.1351
731328,2006.6.1355
731326,2006.6.1353
731327,2006.6.1354
731330,2006.6.1356
731331,2006.6.1358
731329,2006.6.1357
731332,2006.6.1359
731334,2006.6.1361
731333,2006.6.1360
731335,2006.6.1362
731338,2006.6.1364
731337,2006.6.1365
731339,2006.6.1366
731340,2006.6.1367
731336,2006.6.1363
731342,2006.6.1368
731341,2006.6.1369
731344,2006.6.1370
731346,2006.6.1373
731347,2006.6.1375
731349,2006.6.1374
731348,2006.6.1372
731343,2006.6.137
731352,2006.6.1379
731350,2006.6.1376
731351,2006.6.1377
731353,2006.6.1378
731354,2006.6.1380
731356,2006.6.1381
731357,2006.6.1382
731345,2006.6.1371
731355,2006.6.138
731358,2006.6.1383
731359,2006.6.1384
731362,2006.6.1387
731363,2006.6.1388
731364,2006.6.1389
731360,2006.6.1385
731361,2006.6.1386
731365,2006.6.139
731368,2006.6.1393
731366,2006.6.1391
731369,2006.6.1392
731367,2006.6.1390
731371,2006.6.1396
731370,2006.6.1394
731372,2006.6.1397
731374,2006.6.1399
731376,2006.6.14
731377,2006.6.140
731375,2006.6.1398
731380,2006.6.1402
731379,2006.6.1401
731378,2006.6.1400
731373,2006.6.1395
731381,2006.6.1403
731382,2006.6.1405
731383,2006.6.1404
731386,2006.6.1409
731384,2006.6.1406
731387,2006.6.1408
731388,2006.6.141
731385,2006.6.1407
731390,2006.6.1411
731391,2006.6.1412
731393,2006.6.1414
731394,2006.6.1417
731396,2006.6.1416
731395,2006.6.1415
731392,2006.6.1413
731398,2006.6.1419
731397,2006.6.1418
731389,2006.6.1410
731400,2006.6.1420
731401,2006.6.1421
731399,2006.6.142
731404,2006.6.1424
731403,2006.6.1423
731402,2006.6.1422
731405,2006.6.1426
731406,2006.6.1427
731408,2006.6.1428
731410,2006.6.1431
731411,2006.6.1430
731409,2006.6.1429
731407,2006.6.1425
731412,2006.6.143
731413,2006.6.1432
731415,2006.6.1447
731414,2006.6.144
731418,2006.6.145
731417,2006.6.1448
731420,2006.6.1450
731422,2006.6.1452
731419,2006.6.1451
731421,2006.6.1453
731423,2006.6.1454
731424,2006.6.1455
731425,2006.6.1456
731428,2006.6.1459
731426,2006.6.1457
731429,2006.6.1462
731431,2006.6.1461
731430,2006.6.146
731439,2006.6.147
731433,2006.6.1463
731432,2006.6.1460
731481,2006.6.15
731449,2006.6.148
731470,2006.6.149
731482,2006.6.150
731483,2006.6.152
731484,2006.6.151
731427,2006.6.1458
731485,2006.6.153
731486,2006.6.154
731487,2006.6.155
731489,2006.6.157
731490,2006.6.158
731491,2006.6.159
731492,2006.6.160
731493,2006.6.16
731495,2006.6.163
731494,2006.6.161
731496,2006.6.162
731497,2006.6.165
731498,2006.6.164
731499,2006.6.167
731501,2006.6.169
731502,2006.6.168
731500,2006.6.166
731488,2006.6.156
731505,2006.6.172
731506,2006.6.173
731503,2006.6.170
731508,2006.6.174
731510,2006.6.176
731509,2006.6.177
731511,2006.6.175
731507,2006.6.171
731514,2006.6.180
731512,2006.6.178
731515,2006.6.179
731518,2006.6.183
731520,2006.6.186
731517,2006.6.181
731516,2006.6.182
731519,2006.6.184
731521,2006.6.185
731523,2006.6.187
731522,2006.6.188
731524,2006.6.191
731526,2006.6.189
731528,2006.6.193
731529,2006.6.192
731530,2006.6.194
731531,2006.6.195
731532,2006.6.196
731534,2006.6.198
731527,2006.6.190
731535,2006.6.199
731538,2006.6.200
731533,2006.6.197
731541,2006.6.204
731539,2006.6.202
731542,2006.6.203
731540,2006.6.201
731546,2006.6.208
731543,2006.6.205
731545,2006.6.207
731548,2006.6.209
731549,2006.6.209
731551,2006.6.211
731552,2006.6.212
731553,2006.6.213
731554,2006.6.214
731550,2006.6.210
731544,2006.6.206
731555,2006.6.215
731557,2006.6.217
731559,2006.6.219
731561,2006.6.220
731562,2006.6.221
731558,2006.6.218
731564,2006.6.222
731563,2006.6.221
731566,2006.6.223
731567,2006.6.224
731556,2006.6.216
731568,2006.6.225
731570,2006.6.226
731565,2006.6.221
731571,2006.6.228
731572,2006.6.230
731569,2006.6.227
731576,2006.6.232
731577,2006.6.234
731575,2006.6.231
731578,2006.6.233
731579,2006.6.235
731580,2006.6.238
731582,2006.6.239
731584,2006.6.241
731581,2006.6.236
731585,2006.6.240
731586,2006.6.242
731588,2006.6.244
731574,2006.6.229
731587,2006.6.243
731589,2006.6.245
731590,2006.6.246
731591,2006.6.247
731595,2006.6.250
731592,2006.6.248
731593,2006.6.249
731596,2006.6.252
731597,2006.6.251
731598,2006.6.253
731600,2006.6.276
731603,2006.6.277
731604,2006.6.278
731602,2006.6.254
731605,2006.6.279
731610,2006.6.281
731608,2006.6.280
731611,2006.6.284
731612,2006.6.285
731607,2006.6.282
731613,2006.6.283
731615,2006.6.288
731616,2006.6.289
731614,2006.6.286
731617,2006.6.287
731619,2006.6.291
731621,2006.6.292
731609,2006.6.283
731620,2006.6.290
731625,2006.6.296
731623,2006.6.295
731622,2006.6.293
731627,2006.6.298
731629,2006.6.299
731626,2006.6.297
731624,2006.6.294
731632,2006.6.300
731631,2006.6.301
731633,2006.6.302
731635,2006.6.305
731637,2006.6.307
731638,2006.6.306
731636,2006.6.304
731640,2006.6.309
731641,2006.6.308
731645,2006.6.312
731646,2006.6.315
731634,2006.6.303
731647,2006.6.314
731643,2006.6.313
731649,2006.6.318
731650,2006.6.317
731652,2006.6.319
731654,2006.6.320
731653,2006.6.321
731655,2006.6.323
731657,2006.6.322
731656,2006.6.324
731648,2006.6.316
731658,2006.6.325
731660,2006.6.327
731662,2006.6.330
731659,2006.6.328
731664,2006.6.331
731665,2006.6.329
731666,2006.6.332
731668,2006.6.335
731667,2006.6.333
731670,2006.6.337
731671,2006.6.336
731669,2006.6.334
731661,2006.6.326
731673,2006.6.339
731674,2006.6.340
731672,2006.6.338
731677,2006.6.342
731676,2006.6.341
731680,2006.6.345
731679,2006.6.344
731681,2006.6.346
731682,2006.6.347
731683,2006.6.348
731685,2006.6.350
731684,2006.6.349
731678,2006.6.343
731687,2006.6.352
731689,2006.6.355
731686,2006.6.351
731690,2006.6.354
731691,2006.6.356
731688,2006.6.353
731692,2006.6.357
731694,2006.6.359
731693,2006.6.358
731697,2006.6.361
731696,2006.6.360
731699,2006.6.363
731698,2006.6.362
731700,2006.6.364
731704,2006.6.369
731709,2006.6.372
731707,2006.6.370
731712,2006.6.376
731708,2006.6.371
731711,2006.6.373
731713,2006.6.375
731716,2006.6.378
731710,2006.6.374
731717,2006.6.379
731714,2006.6.377
731720,2006.6.382
731721,2006.6.383
731743,2006.6.402
731719,2006.6.381
731744,2006.6.405
731740,2006.6.401
731745,2006.6.403
731746,2006.6.404
731749,2006.6.409
731750,2006.6.408
731748,2006.6.407
731752,2006.6.411
731751,2006.6.412
731754,2006.6.410
731755,2006.6.414
731756,2006.6.415
731758,2006.6.413
731757,2006.6.416
731759,2006.6.418
731747,2006.6.406
731760,2006.6.417
731763,2006.6.420
731762,2006.6.421
731765,2006.6.422
731766,2006.6.424
731768,2006.6.423
731767,2006.6.425
731769,2006.6.426
731770,2006.6.427
731774,2006.6.432
731771,2006.6.429
731775,2006.6.430
731772,2006.6.428
731777,2006.6.433
731776,2006.6.431
731778,2006.6.434
731779,2006.6.435
731764,2006.6.419
731780,2006.6.436
731782,2006.6.438
731784,2006.6.439
731786,2006.6.441
731781,2006.6.437
731787,2006.6.442
731788,2006.6.444
731791,2006.6.448
731790,2006.6.445
731789,2006.6.443
731792,2006.6.447
731783,2006.6.440
731797,2006.6.451
731796,2006.6.450
731798,2006.6.452
731793,2006.6.446
731799,2006.6.454
731800,2006.6.453
731803,2006.6.456
731801,2006.6.455
731802,2006.6.457
731804,2006.6.458
731805,2006.6.460
731809,2006.6.463
731810,2006.6.462
731808,2006.6.461
731811,2006.6.467
731812,2006.6.464
731814,2006.6.468
731815,2006.6.469
731816,2006.6.465
731806,2006.6.459
731818,2006.6.470
731817,2006.6.471
731820,2006.6.475
731813,2006.6.466
731822,2006.6.472
731821,2006.6.473
731826,2006.6.478
731824,2006.6.477
731825,2006.6.476
731827,2006.6.479
731829,2006.6.481
731830,2006.6.480
731832,2006.6.483
731823,2006.6.474
731828,2006.6.482
731833,2006.6.484
731837,2006.6.488
731834,2006.6.485
731836,2006.6.487
731838,2006.6.489
731840,2006.6.490
731835,2006.6.486
731841,2006.6.492
731842,2006.6.493
731844,2006.6.495
731843,2006.6.491
731846,2006.6.496
731845,2006.6.494
731847,2006.6.499
731850,2006.6.501
731854,2006.6.502
731851,2006.6.498
731852,2006.6.500
731849,2006.6.497
731855,2006.6.503
731858,2006.6.506
731859,2006.6.507
731856,2006.6.504
731857,2006.6.505
731860,2006.6.508
731861,2006.6.509
731863,2006.6.510
731862,2006.6.511
731865,2006.6.513
731866,2006.6.514
731870,2006.6.515
731867,2006.6.512
731871,2006.6.515
731868,2006.6.514
731869,2006.6.516
731872,2006.6.517
731873,2006.6.518
731875,2006.6.518
731877,2006.6.517
731874,2006.6.516
731876,2006.6.519
731880,2006.6.519
731883,2006.6.520
731881,2006.6.521
731879,2006.6.520
731884,2006.6.522
731885,2006.6.522
731887,2006.6.523
731882,2006.6.521
731886,2006.6.524
731889,2006.6.524
731920,2006.6.553
731923,2006.6.556
731888,2006.6.523
731924,2006.6.556
731921,2006.6.554
731925,2006.6.555
731983,2006.6.603
731927,2006.6.557
732043,2006.6.706
732045,2006.6.708
732046,2006.6.709
732044,2006.6.707
731926,2006.6.555
732049,2006.6.711
732047,2006.6.710
732052,2006.6.712
732051,2006.6.711
732050,2006.6.713
732053,2006.6.714
732054,2006.6.715
732056,2006.6.714
732057,2006.6.717
732058,2006.6.718
732059,2006.6.718
732060,2006.6.719
732061,2006.6.719
732063,2006.6.720
732067,2006.6.724
732064,2006.6.722
732066,2006.6.723
732065,2006.6.721
732069,2006.6.726
732070,2006.6.727
732071,2006.6.728
732072,2006.6.729
732075,2006.6.731
732076,2006.6.732
732068,2006.6.725
732074,2006.6.730
732077,2006.6.733
732078,2006.6.735
732079,2006.6.734
732080,2006.6.736
732081,2006.6.737
732082,2006.6.738
732083,2006.6.739
732084,2006.6.740
732086,2006.6.741
732087,2006.6.743
732088,2006.6.742
732090,2006.6.747
732091,2006.6.745
732089,2006.6.734
732093,2006.6.744
732092,2006.6.746
732094,2006.6.749
732096,2006.6.748
732095,2006.6.750
732099,2006.6.751
732098,2006.6.753
732102,2006.6.755
732101,2006.6.754
732100,2006.6.752
732103,2006.6.757
732104,2006.6.758
732106,2006.6.756
732105,2006.6.759
732107,2006.6.762
732110,2006.6.761
732108,2006.6.760
732111,2006.6.765
732112,2006.6.766
732114,2006.6.763
732113,2006.6.764
732118,2006.6.772
732117,2006.6.769
732115,2006.6.768
732119,2006.6.770
732121,2006.6.767
732120,2006.6.771
732122,2006.6.773
732123,2006.6.776
732124,2006.6.775
732125,2006.6.774
732126,2006.6.777
732128,2006.6.778
732129,2006.6.781
732131,2006.6.780
732127,2006.6.779
732130,2006.6.782
732133,2006.6.785
732134,2006.6.784
732138,2006.6.786
732135,2006.6.787
732139,2006.6.788
732136,2006.6.783
732142,2006.6.792
732140,2006.6.789
732143,2006.6.793
732141,2006.6.791
732144,2006.6.790
732145,2006.6.794
732146,2006.6.795
732148,2006.6.796
732147,2006.6.798
732149,2006.6.797
732150,2006.6.799
732151,2006.6.800
732155,2006.6.803
732153,2006.6.801
732156,2006.6.802
732158,2006.6.806
732161,2006.6.808
732157,2006.6.805
732159,2006.6.804
732160,2006.6.809
732163,2006.6.807
732165,2006.6.810
732166,2006.6.812
732164,2006.6.811
732167,2006.6.815
732169,2006.6.814
732171,2006.6.819
732168,2006.6.816
732170,2006.6.818
732172,2006.6.813
732173,2006.6.817
732175,2006.6.820
732177,2006.6.824
732182,2006.6.822
732178,2006.6.825
732176,2006.6.821
732181,2006.6.823
732202,2006.6.845
732198,2006.6.844
732204,2006.6.847
732203,2006.6.846
732219,2006.6.863
732221,2006.6.862
732220,2006.6.861
732223,2006.6.866
732226,2006.6.865
732224,2006.6.864
732225,2006.6.867
732228,2006.6.869
732227,2006.6.868
732229,2006.6.870
732232,2006.6.871
732231,2006.6.872
732233,2006.6.874
732237,2006.6.877
732235,2006.6.876
732236,2006.6.875
732234,2006.6.873
732240,2006.6.880
732239,2006.6.878
732241,2006.6.879
732242,2006.6.881
732246,2006.6.886
732244,2006.6.884
732243,2006.6.882
732245,2006.6.885
732249,2006.6.887
732251,2006.6.890
732248,2006.6.888
732247,2006.6.889
732253,2006.6.892
732255,2006.6.893
732252,2006.6.883
732256,2006.6.894
732257,2006.6.895
732254,2006.6.891
732259,2006.6.897
732258,2006.6.896
732264,2006.6.900
732260,2006.6.899
732265,2006.6.901
732261,2006.6.898
732266,2006.6.902
732267,2006.6.903
732268,2006.6.904
732269,2006.6.905
732270,2006.6.906
732271,2006.6.907
732272,2006.6.908
732273,2006.6.909
732277,2006.6.912
732274,2006.6.910
732278,2006.6.913
732276,2006.6.911
732279,2006.6.914
732280,2006.6.915
732281,2006.6.916
732283,2006.6.918
732282,2006.6.917
732288,2006.6.923
732290,2006.6.925
732292,2006.6.926
732291,2006.6.924
732293,2006.6.928
732297,2006.6.931
732295,2006.6.927
732294,2006.6.929
732298,2006.6.930
732300,2006.6.934
732299,2006.6.932
732302,2006.6.936
732301,2006.6.933
732303,2006.6.935
732305,2006.6.939
732309,2006.6.942
732306,2006.6.937
732312,2006.6.944
732304,2006.6.938
732311,2006.6.945
732313,2006.6.943
732315,2006.6.947
732314,2006.6.946
732316,2006.6.948
732317,2006.6.949
732318,2006.6.950
732320,2006.6.952
732319,2006.6.951
732322,2006.6.953
732324,2006.6.955
732327,2006.6.959
732330,2006.6.960
732325,2006.6.957
732332,2006.6.962
732323,2006.6.954
732326,2006.6.956
732331,2006.6.961
732333,2006.6.964
732336,2006.6.966
732337,2006.6.967
732339,2006.6.968
732338,2006.6.969
732335,2006.6.963
732343,2006.6.972
732342,2006.6.970
732334,2006.6.965
732341,2006.6.971
732345,2006.6.972a
732380,2006.6.10
732346,2006.6.972
732449,2006.6.1061
732447,2006.6.106
732448,2006.6.1060
732446,2006.6.1059
732451,2006.6.1064
732450,2006.6.1062
732454,2006.6.1066
732452,2006.6.1063
732456,2006.6.1068
732455,2006.6.1067
732458,2006.6.107
732460,2006.6.1071
732457,2006.6.1069
732459,2006.6.1073
732462,2006.6.1070
732461,2006.6.1072
732464,2006.6.1075
732463,2006.6.1074
732465,2006.6.1076
732466,2006.6.1077
732468,2006.6.1078
732469,2006.6.108
732470,2006.6.1080
732467,2006.6.1079
732471,2006.6.1081
732472,2006.6.1082
732473,2006.6.1083
732453,2006.6.1065
732475,2006.6.1087
732474,2006.6.1086
732478,2006.6.1085
732479,2006.6.1088
732476,2006.6.1084
732480,2006.6.109
732481,2006.6.1092
732482,2006.6.1093
732484,2006.6.1090
732483,2006.6.1091
732487,2006.6.1096
732485,2006.6.1094
732486,2006.6.1097
732488,2006.6.1095
732491,2006.6.11
732490,2006.6.1099
732493,2006.6.1100
732489,2006.6.1098
732492,2006.6.110
732477,2006.6.1089
732496,2006.6.1101
732494,2006.6.1102
732495,2006.6.1103
732498,2006.6.1105
732497,2006.6.1104
732499,2006.6.1107
732501,2006.6.111
732500,2006.6.1106
732504,2006.6.1108
732503,2006.6.1110
732505,2006.6.1112
732507,2006.6.1114
732506,2006.6.1113
732502,2006.6.1109
732510,2006.6.1116
732508,2006.6.1111
732509,2006.6.1117
732511,2006.6.1118
732513,2006.6.1119
732515,2006.6.1123
732512,2006.6.1115
732516,2006.6.1122
732514,2006.6.112
732517,2006.6.1121
732518,2006.6.1120
732520,2006.6.1124
732519,2006.6.1126
732552,2006.6.114
732521,2006.6.1125
732528,2006.6.113
732522,2006.6.1127
732576,2006.6.115
732594,2006.6.116
732612,2006.6.117
732611,2006.6.1169
732610,2006.6.1168
732613,2006.6.1171
732614,2006.6.1170
732616,2006.6.1173
732617,2006.6.1172
732618,2006.6.1174
732619,2006.6.1177
732620,2006.6.1176
732621,2006.6.1178
732622,2006.6.1179
732623,2006.6.118
732615,2006.6.1175
732624,2006.6.1180
732626,2006.6.1181
732629,2006.6.1185
732628,2006.6.1182
732625,2006.6.1181a
732627,2006.6.1183
732630,2006.6.1184
732632,2006.6.1186
732634,2006.6.119
732650,2006.6.1203
732649,2006.6.1202
732651,2006.6.1204
732652,2006.6.1205
732653,2006.6.1207
732654,2006.6.1206
732647,2006.6.120
732655,2006.6.1208
732657,2006.6.1210
732658,2006.6.121
732656,2006.6.1209
732659,2006.6.1211
732660,2006.6.1212
732661,2006.6.1215
732662,2006.6.1213
732663,2006.6.1214
732664,2006.6.1216
732666,2006.6.1218
732665,2006.6.1219
732667,2006.6.1217
732668,2006.6.122
732670,2006.6.1220
732669,2006.6.1221
732671,2006.6.1222
732672,2006.6.1223
732673,2006.6.1225
732675,2006.6.1227
732674,2006.6.1226
732676,2006.6.1224
732677,2006.6.1228
732678,2006.6.1229
732680,2006.6.1230
732681,2006.6.1231
732679,2006.6.123
732682,2006.6.1232
732683,2006.6.1235
732684,2006.6.1234
732686,2006.6.1236
732685,2006.6.1233
732688,2006.6.1238
732689,2006.6.1239
732687,2006.6.1237
732690,2006.6.124
732691,2006.6.1240
732692,2006.6.1243
732693,2006.6.1241
732695,2006.6.1244
732694,2006.6.1242
732696,2006.6.1247
732697,2006.6.1245
732698,2006.6.1246
732699,2006.6.125
732702,2006.6.1248
732701,2006.6.1249
732700,2006.6.1250
732703,2006.6.1253
732705,2006.6.1252
732706,2006.6.1255
732704,2006.6.1254
732707,2006.6.1251
732708,2006.6.1256
732710,2006.6.1258
732711,2006.6.1259
732709,2006.6.1257
732712,2006.6.126
732713,2006.6.1260
732714,2006.6.1261
732716,2006.6.1263
732717,2006.6.1264
732715,2006.6.1262
732718,2006.6.1265
732720,2006.6.1268
732719,2006.6.1266
732723,2006.6.1271
732722,2006.6.1267
732721,2006.6.1269
732724,2006.6.1270
732725,2006.6.127
732727,2006.6.1273
732726,2006.6.1272
732728,2006.6.1275
732729,2006.6.1276
732730,2006.6.1274
732732,2006.6.128
732731,2006.6.1278
732733,2006.6.1277
732735,2006.6.1282
732734,2006.6.1279
732736,2006.6.1280
732737,2006.6.1281
732738,2006.6.1285
732739,2006.6.1284
732740,2006.6.1283
732741,2006.6.1286
732742,2006.6.129
732745,2006.6.1289
732746,2006.6.1290
732748,2006.6.1293
732747,2006.6.1291
732749,2006.6.1296
732750,2006.6.1295
732751,2006.6.1294
732752,2006.6.1292
732753,2006.6.1298
732754,2006.6.1297
732755,2006.6.1299
732756,2006.6.130
732757,2006.6.1301
732758,2006.6.1300
732759,2006.6.1302
732762,2006.6.1304
732760,2006.6.1305
732761,2006.6.1303
732764,2006.6.131
732763,2006.6.1306
732766,2006.6.1307
732765,2006.6.1308
732767,2006.6.1309
732769,2006.6.1310
732768,2006.6.1311
732772,2006.6.1313
732771,2006.6.1312
732773,2006.6.1314
732774,2006.6.1316
732770,2006.6.131
732775,2006.6.1319
732776,2006.6.1318
732778,2006.6.1320
732777,2006.6.1317
732779,2006.6.132
732781,2006.6.1315
732780,2006.6.1321
732782,2006.6.1324
732783,2006.6.1322
732785,2006.6.1326
732784,2006.6.1323
732786,2006.6.1327
732787,2006.6.1325
732789,2006.6.1329
732788,2006.6.1328
732790,2006.6.133
732791,2006.6.1330
732792,2006.6.1331
732793,2006.6.1332
732794,2006.6.1333
732795,2006.6.1334
732796,2006.6.1337
732798,2006.6.1338
732797,2006.6.1335
732799,2006.6.1336
732801,2006.6.1341
732800,2006.6.1339
732802,2006.6.134
732804,2006.6.1342
732806,2006.6.1344
732803,2006.6.1340
732805,2006.6.1343
732807,2006.6.1346
732808,2006.6.1345
732809,2006.6.1348
732810,2006.6.1349
732811,2006.6.1347
732812,2006.6.1350
732813,2006.6.1351
732814,2006.6.1352
732816,2006.6.1353
732815,2006.6.1354
732818,2006.6.1356
732817,2006.6.1355
732819,2006.6.1357
732821,2006.6.1359
732820,2006.6.1358
732823,2006.6.1360
732824,2006.6.1362
732822,2006.6.1361
732825,2006.6.1363
732826,2006.6.1365
732827,2006.6.1364
732829,2006.6.1367
732828,2006.6.1366
732830,2006.6.1368
732831,2006.6.1369
732832,2006.6.1370
732833,2006.6.137
732834,2006.6.1371
732836,2006.6.1373
732837,2006.6.1375
732835,2006.6.1372
732839,2006.6.1376
732838,2006.6.1374
732840,2006.6.1377
732841,2006.6.1378
732842,2006.6.138
732844,2006.6.1381
732843,2006.6.1379
732846,2006.6.1380
732847,2006.6.1383
732845,2006.6.1382
732848,2006.6.1385
732849,2006.6.1384
732851,2006.6.1388
732850,2006.6.1386
732852,2006.6.1389
732854,2006.6.139
732853,2006.6.1387
732855,2006.6.1390
732857,2006.6.1393
732858,2006.6.1392
732856,2006.6.1391
732859,2006.6.1394
732860,2006.6.1396
732861,2006.6.1395
732862,2006.6.1398
732863,2006.6.1397
732864,2006.6.1399
732867,2006.6.1400
732866,2006.6.1401
732865,2006.6.14
732868,2006.6.140
732869,2006.6.1402
732871,2006.6.1405
732870,2006.6.1403
732873,2006.6.1406
732872,2006.6.1404
732875,2006.6.1408
732874,2006.6.1407
732876,2006.6.141
732879,2006.6.1413
732877,2006.6.1409
732878,2006.6.1410
732880,2006.6.1412
732882,2006.6.1411
732881,2006.6.1414
732884,2006.6.1416
732885,2006.6.1417
732883,2006.6.1415
732886,2006.6.1419
732887,2006.6.1418
732888,2006.6.1420
732890,2006.6.1422
732891,2006.6.1421
732889,2006.6.142
732893,2006.6.1425
732894,2006.6.1424
732892,2006.6.1423
732895,2006.6.1426
732896,2006.6.1428
732897,2006.6.1427
732898,2006.6.1429
732900,2006.6.1430
732901,2006.6.1431
732899,2006.6.143
732902,2006.6.144
732904,2006.6.1447
732906,2006.6.1448
732908,2006.6.145
732907,2006.6.1450
732912,2006.6.1454
732910,2006.6.1452
732909,2006.6.1451
732911,2006.6.1453
732913,2006.6.1455
732914,2006.6.1457
732915,2006.6.1456
732917,2006.6.1459
732916,2006.6.1458
732918,2006.6.146
732919,2006.6.1460
732920,2006.6.1461
732921,2006.6.1462
732922,2006.6.1463
732928,2006.6.147
732939,2006.6.148
732973,2006.6.15
732972,2006.6.150
732974,2006.6.152
732975,2006.6.153
732959,2006.6.149
732976,2006.6.151
732977,2006.6.154
732978,2006.6.155
732981,2006.6.156
732979,2006.6.157
732980,2006.6.159
732982,2006.6.158
732985,2006.6.163
732984,2006.6.161
732983,2006.6.16
732986,2006.6.160
732989,2006.6.164
732988,2006.6.165
732987,2006.6.162
732990,2006.6.166
732991,2006.6.167
732992,2006.6.170
732994,2006.6.168
732995,2006.6.169
732996,2006.6.171
732997,2006.6.175
732998,2006.6.173
732999,2006.6.174
733002,2006.6.179
733001,2006.6.176
733000,2006.6.172
733007,2006.6.182
733004,2006.6.177
733005,2006.6.178
733006,2006.6.180
733008,2006.6.181
733010,2006.6.186
733009,2006.6.183
733013,2006.6.184
733011,2006.6.185
733017,2006.6.191
733012,2006.6.187
733014,2006.6.188
733015,2006.6.190
733019,2006.6.193
733020,2006.6.195
733018,2006.6.192
733021,2006.6.189
733022,2006.6.194
733023,2006.6.198
733026,2006.6.199
733025,2006.6.197
733027,2006.6.200
733024,2006.6.196
733032,2006.6.204
733031,2006.6.203
733028,2006.6.201
733034,2006.6.205
733033,2006.6.202
733036,2006.6.207
733035,2006.6.206
733040,2006.6.209
733037,2006.6.208
733041,2006.6.212
733042,2006.6.211
733043,2006.6.210
733044,2006.6.213
733039,2006.6.209
733045,2006.6.214
733046,2006.6.215
733051,2006.6.220
733049,2006.6.219
733047,2006.6.216
733048,2006.6.217
733053,2006.6.221
733052,2006.6.218
733054,2006.6.221
733055,2006.6.221
733058,2006.6.225
733057,2006.6.223
733056,2006.6.222
733061,2006.6.227
733062,2006.6.228
733059,2006.6.226
733060,2006.6.224
733063,2006.6.229
733066,2006.6.232
733065,2006.6.230
733067,2006.6.233
733069,2006.6.234
733070,2006.6.236
733068,2006.6.231
733071,2006.6.235
733072,2006.6.237
733075,2006.6.239
733076,2006.6.240
733073,2006.6.238
733079,2006.6.243
733077,2006.6.242
733078,2006.6.241
733081,2006.6.245
733082,2006.6.247
733080,2006.6.244
733084,2006.6.248
733083,2006.6.246
733085,2006.6.249
733088,2006.6.252
733086,2006.6.250
733089,2006.6.253
733090,2006.6.251
733091,2006.6.255
733092,2006.6.254
733093,2006.6.256
733096,2006.6.258
733098,2006.6.260
733095,2006.6.259
733094,2006.6.257
733101,2006.6.263
733099,2006.6.261
733102,2006.6.264
733100,2006.6.262
733104,2006.6.266
733103,2006.6.265
733105,2006.6.267
733106,2006.6.268
733107,2006.6.269
733110,2006.6.272
733109,2006.6.270
733108,2006.6.27
733111,2006.6.274
733114,2006.6.275
733115,2006.6.276
733113,2006.6.273
733116,2006.6.277
733117,2006.6.278
733112,2006.6.271
733118,2006.6.279
733120,2006.6.280
733122,2006.6.283
733124,2006.6.283
733121,2006.6.281
733123,2006.6.282
733126,2006.6.284
733128,2006.6.286
733127,2006.6.285
733129,2006.6.289
733131,2006.6.290
733132,2006.6.288
733125,2006.6.287
733133,2006.6.291
733134,2006.6.292
733137,2006.6.295
733135,2006.6.293
733138,2006.6.296
733139,2006.6.298
733142,2006.6.297
733136,2006.6.294
733144,2006.6.301
733143,2006.6.300
733146,2006.6.302
733145,2006.6.299
733147,2006.6.303
733149,2006.6.305
733150,2006.6.306
733153,2006.6.309
733148,2006.6.304
733154,2006.6.307
733157,2006.6.312
733158,2006.6.313
733152,2006.6.308
733159,2006.6.314
733160,2006.6.315
733161,2006.6.316
733162,2006.6.317
733163,2006.6.318
733164,2006.6.319
733166,2006.6.320
733169,2006.6.323
733168,2006.6.322
733172,2006.6.326
733171,2006.6.325
733167,2006.6.321
733174,2006.6.330
733173,2006.6.328
733170,2006.6.324
733176,2006.6.329
733178,2006.6.334
733175,2006.6.327
733179,2006.6.333
733181,2006.6.332
733180,2006.6.331
733184,2006.6.338
733185,2006.6.336
733182,2006.6.335
733186,2006.6.340
733183,2006.6.337
733187,2006.6.339
733189,2006.6.341
733190,2006.6.342
733191,2006.6.343
733192,2006.6.344
733193,2006.6.346
733194,2006.6.347
733196,2006.6.348
733197,2006.6.349
733198,2006.6.350
733195,2006.6.345
733200,2006.6.354
733199,2006.6.352
733201,2006.6.351
733204,2006.6.358
733203,2006.6.356
733202,2006.6.353
733205,2006.6.355
733208,2006.6.360
733209,2006.6.359
733210,2006.6.362
733211,2006.6.363
733206,2006.6.357
733213,2006.6.364
733221,2006.6.373
733218,2006.6.369
733222,2006.6.370
733220,2006.6.371
733212,2006.6.361
733224,2006.6.374
733227,2006.6.376
733225,2006.6.375
733232,2006.6.383
733223,2006.6.372
733226,2006.6.379
733252,2006.6.402
733250,2006.6.401
733255,2006.6.406
733256,2006.6.403
733258,2006.6.409
733257,2006.6.405
733259,2006.6.408
733260,2006.6.407
733262,2006.6.410
733263,2006.6.413
733266,2006.6.415
733264,2006.6.412
733267,2006.6.416
733265,2006.6.411
733268,2006.6.414
733272,2006.6.418
733269,2006.6.417
733270,2006.6.419
733273,2006.6.421
733274,2006.6.422
733277,2006.6.425
733276,2006.6.420
733275,2006.6.423
733254,2006.6.404
733278,2006.6.424
733279,2006.6.429
733282,2006.6.428
733284,2006.6.431
733285,2006.6.430
733280,2006.6.427
733286,2006.6.432
733287,2006.6.433
733290,2006.6.437
733289,2006.6.434
733288,2006.6.435
733281,2006.6.426
733291,2006.6.436
733292,2006.6.438
733293,2006.6.439
733297,2006.6.442
733298,2006.6.443
733299,2006.6.444
733301,2006.6.448
733300,2006.6.446
733302,2006.6.445
733304,2006.6.450
733303,2006.6.447
733305,2006.6.451
733307,2006.6.452
733308,2006.6.454
733296,2006.6.441
733309,2006.6.453
733310,2006.6.455
733295,2006.6.440
733312,2006.6.457
733311,2006.6.456
733313,2006.6.459
733315,2006.6.458
733316,2006.6.461
733318,2006.6.462
733317,2006.6.460
733320,2006.6.465
733323,2006.6.466
733321,2006.6.464
733324,2006.6.468
733322,2006.6.467
733319,2006.6.463
733326,2006.6.469
733330,2006.6.470
733327,2006.6.471
733328,2006.6.473
733329,2006.6.474
733332,2006.6.476
733331,2006.6.472
733336,2006.6.479
733335,2006.6.478
733337,2006.6.480
733339,2006.6.481
733340,2006.6.482
733333,2006.6.475
733341,2006.6.484
733334,2006.6.477
733342,2006.6.483
733343,2006.6.485
733344,2006.6.486
733346,2006.6.489
733349,2006.6.491
733350,2006.6.490
733345,2006.6.487
733347,2006.6.488
733352,2006.6.493
733353,2006.6.495
733351,2006.6.492
733355,2006.6.496
733354,2006.6.494
733358,2006.6.498
733357,2006.6.499
733356,2006.6.497
733360,2006.6.501
733363,2006.6.502
733364,2006.6.503
733366,2006.6.504
733367,2006.6.507
733362,2006.6.500
733369,2006.6.508
733371,2006.6.510
733365,2006.6.505
733373,2006.6.511
733372,2006.6.509
733368,2006.6.506
733374,2006.6.512
733375,2006.6.513
733376,2006.6.514
733377,2006.6.515
733380,2006.6.515
733379,2006.6.516
733381,2006.6.517
733378,2006.6.514
733383,2006.6.518
733384,2006.6.518
733382,2006.6.516
733386,2006.6.519
733389,2006.6.520
733387,2006.6.519
733391,2006.6.521
733385,2006.6.517
733392,2006.6.521
733390,2006.6.520
733393,2006.6.522
733397,2006.6.524
733395,2006.6.523
733396,2006.6.523
733394,2006.6.522
733398,2006.6.524
733399,2006.6.525
733428,2006.6.553
733430,2006.6.554
733431,2006.6.554
733429,2006.6.553
733433,2006.6.556
733432,2006.6.555
733434,2006.6.555
733489,2006.6.603
733436,2006.6.556
733600,2006.6.706
733601,2006.6.707
733435,2006.6.557
733602,2006.6.708
733603,2006.6.709
733605,2006.6.710
733607,2006.6.712
733608,2006.6.713
733609,2006.6.715
733610,2006.6.714
733612,2006.6.717
733613,2006.6.718
733614,2006.6.719
733615,2006.6.719
733618,2006.6.722
733619,2006.6.723
733617,2006.6.720
733620,2006.6.721
733621,2006.6.725
733622,2006.6.724
733623,2006.6.727
733625,2006.6.729
733624,2006.6.728
733606,2006.6.711
733629,2006.6.731
733631,2006.6.734
733627,2006.6.730
733632,2006.6.732
733634,2006.6.737
733635,2006.6.736
733636,2006.6.738
733637,2006.6.739
733639,2006.6.740
733640,2006.6.741
733641,2006.6.742
733642,2006.6.744
733643,2006.6.743
733630,2006.6.733
733644,2006.6.746
733633,2006.6.735
733626,2006.6.726
733646,2006.6.748
733647,2006.6.745
733649,2006.6.751
733645,2006.6.747
733651,2006.6.749
733652,2006.6.754
733653,2006.6.752
733655,2006.6.755
733650,2006.6.750
733654,2006.6.753
733658,2006.6.762
733659,2006.6.763
733656,2006.6.761
733660,2006.6.767
733661,2006.6.764
733663,2006.6.768
733662,2006.6.765
733666,2006.6.769
733668,2006.6.770
733665,2006.6.766
733667,2006.6.771
733669,2006.6.773
733670,2006.6.772
733673,2006.6.775
733672,2006.6.774
733674,2006.6.776
733671,2006.6.775 
733675,2006.6.778
733677,2006.6.779
733679,2006.6.780
733676,2006.6.777
733683,2006.6.783
733680,2006.6.781
733685,2006.6.786
733684,2006.6.785
733686,2006.6.787
733682,2006.6.784
733688,2006.6.789
733681,2006.6.782
733691,2006.6.791
733692,2006.6.792
733687,2006.6.788
733689,2006.6.790
733693,2006.6.794
733694,2006.6.793
733698,2006.6.798
733696,2006.6.795
733697,2006.6.797
733700,2006.6.799
733702,2006.6.800
733703,2006.6.801
733695,2006.6.796
733704,2006.6.803
733707,2006.6.804
733708,2006.6.806
733709,2006.6.807
733710,2006.6.809
733705,2006.6.802
733712,2006.6.810
733714,2006.6.811
733715,2006.6.812
733716,2006.6.813
733717,2006.6.814
733718,2006.6.815
733711,2006.6.808
733721,2006.6.817
733706,2006.6.805
733720,2006.6.818
733723,2006.6.820
733719,2006.6.816
733724,2006.6.821
733725,2006.6.822
733727,2006.6.824
733729,2006.6.825
733726,2006.6.819
733728,2006.6.823
733750,2006.6.845
733751,2006.6.844
733753,2006.6.847
733768,2006.6.862
733770,2006.6.861
733771,2006.6.863
733772,2006.6.864
733773,2006.6.865
733776,2006.6.868
733774,2006.6.866
733775,2006.6.867
733779,2006.6.870
733780,2006.6.871
733752,2006.6.846
733777,2006.6.869
733782,2006.6.874
733781,2006.6.872
733784,2006.6.875
733786,2006.6.878
733785,2006.6.876
733783,2006.6.873
733788,2006.6.879
733787,2006.6.877
733790,2006.6.881
733791,2006.6.880
733793,2006.6.883
733792,2006.6.882
733794,2006.6.885
733796,2006.6.886
733799,2006.6.889
733795,2006.6.884
733798,2006.6.888
733801,2006.6.890
733797,2006.6.887
733803,2006.6.893
733804,2006.6.892
733802,2006.6.891
733806,2006.6.895
733805,2006.6.894
733807,2006.6.896
733808,2006.6.897
733811,2006.6.899
733810,2006.6.898
733814,2006.6.902
733815,2006.6.901
733813,2006.6.900
733816,2006.6.903
733817,2006.6.904
733819,2006.6.905
733820,2006.6.907
733818,2006.6.906
733821,2006.6.908
733822,2006.6.909
733824,2006.6.910
733826,2006.6.911
733825,2006.6.912
733828,2006.6.914
733827,2006.6.913
733829,2006.6.916
733830,2006.6.915
733831,2006.6.917
733832,2006.6.918
733838,2006.6.923
733839,2006.6.924
733840,2006.6.925
733841,2006.6.926
733843,2006.6.928
733844,2006.6.929
733842,2006.6.927
733846,2006.6.930
733847,2006.6.931
733848,2006.6.932
733850,2006.6.935
733851,2006.6.934
733849,2006.6.933
733852,2006.6.936
733855,2006.6.938
733853,2006.6.937
733856,2006.6.939
733859,2006.6.942
733860,2006.6.945
733861,2006.6.943
733862,2006.6.946
733864,2006.6.948
733863,2006.6.944
733865,2006.6.949
733866,2006.6.947
733867,2006.6.95
733868,2006.6.950
733870,2006.6.952
733869,2006.6.953
733873,2006.6.956
733871,2006.6.951
733872,2006.6.954
733874,2006.6.955
733875,2006.6.957
733877,2006.6.959
733879,2006.6.963
733880,2006.6.960
733881,2006.6.961
733882,2006.6.962
733883,2006.6.964
733884,2006.6.966
733885,2006.6.967
733886,2006.6.965
733888,2006.6.969
733887,2006.6.968
733890,2006.6.970
733891,2006.6.971
733894,2006.6.972
733893,2006.6.972
734045,AnselAdams_01
733892,2006.6.972
734047,AA_cover
734046,AnselAdams_01.dng
734048,AnselAdams_02.dng
734049,AnselAdams_02
734050,AnselAdams_03.dng
734051,AnselAdams_03
734052,AnselAdams_04.dng
734053,AnselAdams_04
734054,AnselAdams_05.dng
734055,AnselAdams_05
734057,AnselAdams_06
734056,AnselAdams_06.dng
734059,AnselAdams_07
734060,AnselAdams_08.dng
734058,AnselAdams_07.dng
734061,AnselAdams_08
734064,AnselAdams_10.dng
734063,AnselAdams_09
734062,AnselAdams_09.dng
734065,AnselAdams_10
734067,AnselAdams_11
734068,AnselAdams_12.dng
734066,AnselAdams_11.dng
734069,AnselAdams_12
734070,AnselAdams_13.dng
734072,AnselAdams_14.dng
734073,AnselAdams_14
734071,AnselAdams_13
734074,AnselAdams_15.dng
734075,AnselAdams_15
734077,AnselAdams_16
734076,AnselAdams_16.dng
734078,AnselAdams_17.dng
734079,AnselAdams_17
734080,AnselAdams_18.dng
734081,AnselAdams_18
734082,AnselAdams_19.dng
734084,AnselAdams_20.dng
734083,AnselAdams_19
734086,AnselAdams_21.dng
734085,AnselAdams_20
734088,AnselAdams_22.dng
734087,AnselAdams_21
734089,AnselAdams_22
734090,AnselAdams_23.dng
734091,AnselAdams_23
734092,AnselAdams_24.dng
734093,AnselAdams_24
734095,AnselAdams_25
734096,AnselAdams_26.dng
734097,AnselAdams_26
734094,AnselAdams_25.dng
734099,AnselAdams_27
734098,AnselAdams_27.dng
734100,AnselAdams_28.dng
734101,AnselAdams_28
734102,AnselAdams_29.dng
734103,AnselAdams_29
734104,AnselAdams_30.dng
734105,AnselAdams_30
734107,AnselAdams_31
734106,AnselAdams_31.dng
734109,AnselAdams_32
734110,AnselAdams_33.dng
734112,AnselAdams_34.dng
734111,AnselAdams_33
734108,AnselAdams_32.dng
734114,AnselAdams_35.dng
734113,AnselAdams_34
734115,AnselAdams_35
734117,AnselAdams_36
734116,AnselAdams_36.dng
734118,AnselAdams_37.dng
734120,AnselAdams_38.dng
734119,AnselAdams_37
734121,AnselAdams_38
734122,AnselAdams_39.dng
734123,AnselAdams_39
734124,AnselAdams_40
734125,AnselAdams_40.dng
734127,AnselAdams_41
734126,AnselAdams_41.dng
734128,AnselAdams_42.dng
734130,AnselAdams_43.dng
734129,AnselAdams_42
734131,AnselAdams_43
734133,AnselAdams_44
734132,AnselAdams_44.dng
734135,AnselAdams_45
734136,AnselAdams_46.dng
734134,AnselAdams_45.dng
734137,AnselAdams_46
734138,AnselAdams_47.dng
734139,AnselAdams_cover.dng
734141,gok_album_01.jpg
734140,gok_album_02.jpg
734142,gok_album_03.jpg
734143,gok_album_04.jpg
734144,gok_album_05.jpg
734145,gok_album_06.jpg
734146,gok_album_07
734147,gok_album_08
734149,gok_album_10
734150,gok_album_11
734148,gok_album_09
734151,gok_album_13
734152,gok_album_12
734153,gok_album_14
734154,gok_album_15
734155,gok_album_16
734156,gok_album_17
734157,gok_album_18.jpg
734158,gok_album_19.jpg
734159,gok_album_20.jpg
734160,gok_album_21.jpg
734161,gok_album_22.jpg
734163,gok_album_24.jpg
734162,gok_album_23.jpg
734164,gok_album_25.jpg
734165,gok_album_26.jpg
734166,gok_album_27.jpg
734167,gok_album_28.jpg
734168,gok_album_29.jpg
734169,gok_album_30.jpg
734171,gok_album_32.jpg
734170,gok_album_31.jpg
734172,gok_album_33.jpg
734175,gok_album_36.jpg
734173,gok_album_34.jpg
734174,gok_album_35.jpg
734177,gok_album_38.jpg
734176,gok_album_37.jpg
734179,gok_album_40.jpg
734178,gok_album_39.jpg
734180,gok_album_42.jpg
734181,gok_album_41.jpg
734182,gok_album_43.jpg
734183,gok_album_44.jpg
734184,gok_album_45.jpg
734185,gok_album_46.jpg
734186,gok_album_47.jpg
734187,gok_album_48.jpg
734188,gok_album_49.jpg
734189,gok_album_50.jpg
734190,gok_album_51.jpg
734192,gok_album_53.jpg
734191,gok_album_52.jpg
734194,gok_album_55.jpg
734195,gok_album_56.jpg
734193,gok_album_54.jpg
734196,gok_album_57.jpg
734198,Webb_album_01.dng
734197,gok_album_58.jpg
734200,Webb_album_02.dng
734199,Webb_album_01
734202,Webb_album_03
734201,Webb_album_03.dng
734203,Webb_album_04.dng
734206,Webb_album_05
734204,Webb_album_04
734205,Webb_album_05.dng
734208,Webb_album_06
734207,Webb_album_06.dng
734210,Webb_album_07
734209,Webb_album_07.dng
734211,Webb_album_08.dng
734213,Webb_album_09.dng
734214,Webb_album_09
734212,Webb_album_08
734215,Webb_album_10.dng
734217,Webb_album_11.dng
734216,Webb_album_10
734218,Webb_album_11
734219,Webb_album_12.dng
734220,Webb_album_12
734221,Webb_album_13.dng
734223,Webb_album_14.dng
734222,Webb_album_13
734224,Webb_album_14
734227,Webb_album_16.dng
734225,Webb_album_15.dng
734226,Webb_album_15
734229,Webb_album_17.dng
734228,Webb_album_16
734230,Webb_album_17
734231,Webb_album_18.dng
734233,Webb_album_19.dng
734232,Webb_album_18
734235,Webb_album_20.dng
734234,Webb_album_19
734236,Webb_album_20
734237,Webb_album_21.dng
734238,Webb_album_21
734239,Webb_album_22.dng
734240,Webb_album_23.dng
734242,Webb_album_24.dng
734241,Webb_album_23
734243,Webb_album_24
734245,Webb_album_25
734246,Webb_album_26.dng
734244,Webb_album_25.dng
734247,Webb_album_26
734248,Webb_album_27.dng
734251,Webb_album_28
734249,Webb_album_27
734250,Webb_album_28.dng
734252,Webb_album_29.dng
734253,Webb_album_29
734255,Webb_album_30
734254,Webb_album_30.dng
734256,Webb_album_31.dng
734257,Webb_album_31
734259,Webb_album_32
734258,Webb_album_32.dng
734260,Webb_album_33.dng
734261,Webb_album_33
734262,Webb_album_34.dng
734263,Webb_album_34
734265,Webb_album_35
734264,Webb_album_35.dng
734267,Webb_album_36
734266,Webb_album_36.dng
734268,Webb_album_37.dng
734269,Webb_album_37
734270,Webb_album_38.dng
734271,Webb_album_38
734272,Webb_album_39.dng
734275,Webb_album_40
734273,Webb_album_39
734274,Webb_album_40.dng
734276,Webb_album_41.dng
734277,Webb_album_41
734278,Webb_album_42.dng
734279,Webb_album_42
734282,Webb_album_44.dng
734283,Webb_album_44
734280,Webb_album_43.dng
734281,Webb_album_43
734284,Webb_album_45.dng
734286,Webb_album_46.dng
734287,Webb_album_46
734285,Webb_album_45
734288,Webb_album_47.dng
734289,Webb_album_47
734290,Webb_album_48.dng
734292,Webb_album_49
734291,Webb_album_49.dng
734293,Webb_album_50.dng
734296,Webb_album_52.dng
734294,Webb_album_50
734295,Webb_album_51.dng
734297,Webb_album_52
734298,Webb_album_53.dng
734300,Slide1.JPG
734299,Webb_album_53
734301,Slide10.JPG
734304,Slide13.JPG
734303,Slide12.JPG
734302,Slide11.JPG
734306,Slide15.JPG
734305,Slide14.JPG
734307,Slide16.JPG
734308,Slide17.JPG
734309,Slide18.JPG
734310,Slide19.JPG
734312,Slide21.JPG
734311,Slide2.JPG
734313,Slide20.JPG
734314,Slide22.JPG
734315,Slide24.JPG
734316,Slide23.JPG
734318,Slide26.JPG
734317,Slide25.JPG
734319,Slide4.JPG
734321,Slide5.JPG
734320,Slide3.JPG
734323,Slide7.JPG
734325,Slide9.JPG
734324,Slide8.JPG
734322,Slide6.JPG
734326,Webb_Slides_001.pptx
786055,2006.6.754